{"cameraMode":{"drawMode":0,"name":"Shaded","section":"Shading Mode"},"sceneLighting":true,"audioPlay":false,"sceneViewState":{"m_AlwaysRefresh":false,"showFog":true,"showSkybox":true,"showFlares":true,"showImageEffects":true,"showParticleSystems":true,"showVisualEffectGraphs":true,"m_FxEnabled":true},"in2DMode":false,"pivot":{"x":-10.350762367248536,"y":-2.5681939125061037,"z":11.483734130859375},"rotation":{"x":-0.19225136935710908,"y":0.49680277705192568,"z":-0.1138174831867218,"w":-0.8386615514755249},"size":10.302767753601075,"orthographic":false}